{
    "discounted_return": [
        0.9, 
        0.9, 
        0.9, 
        0.9, 
        0.9, 
        0.9
    ], 
    "learning_episode": [
        0, 
        1, 
        2, 
        3, 
        4, 
        5
    ], 
    "learning_steps": [
        0, 
        2, 
        4, 
        6, 
        8, 
        10
    ], 
    "learning_time": [
        0, 
        2.39, 
        5.049999999999999, 
        7.439999999999998, 
        9.82, 
        12.3
    ], 
    "num_features": [
        400, 
        400, 
        400, 
        400, 
        400, 
        400
    ], 
    "return": [
        1.0, 
        1.0, 
        1.0, 
        1.0, 
        1.0, 
        1.0
    ], 
    "seed": 1, 
    "steps": [
        2.0, 
        2.0, 
        2.0, 
        2.0, 
        2.0, 
        2.0
    ], 
    "terminated": [
        0.0, 
        0.0, 
        0.0, 
        0.0, 
        0.0, 
        0.0
    ]
}