{
    "discounted_return": [
        -3.484154140643497, 
        -4.2545716607937925, 
        -6.1529488133457306, 
        -3.9720009859232444, 
        -3.8310987773336085, 
        -6.512216720245628
    ], 
    "learning_episode": [
        0, 
        1, 
        1, 
        2, 
        2, 
        2
    ], 
    "learning_steps": [
        0, 
        2, 
        4, 
        6, 
        8, 
        10
    ], 
    "learning_time": [
        0, 
        0.54, 
        0.8300000000000001, 
        1.4400000000000004, 
        1.8899999999999997, 
        2.249999999999999
    ], 
    "num_features": [
        100, 
        100, 
        100, 
        100, 
        100, 
        100
    ], 
    "return": [
        -4.1754310635887215, 
        -5.2188734784492281, 
        -7.6768871579681983, 
        -4.8200588150611123, 
        -4.6217699610500107, 
        -8.1575349106409369
    ], 
    "seed": 1, 
    "steps": [
        5.0, 
        5.0, 
        5.0, 
        5.0, 
        5.0, 
        5.0
    ], 
    "terminated": [
        0.0, 
        0.0, 
        0.0, 
        0.0, 
        0.0, 
        0.0
    ]
}