{
    "discounted_return": [
        0.0, 
        0.0, 
        0.0
    ], 
    "learning_episode": [
        0, 
        4, 
        8
    ], 
    "learning_steps": [
        0, 
        200, 
        400
    ], 
    "learning_time": [
        0, 
        0.29000000000000004, 
        0.5900000000000001
    ], 
    "num_features": [
        1000, 
        1000, 
        1000
    ], 
    "return": [
        0.0, 
        0.0, 
        0.0
    ], 
    "seed": 1, 
    "steps": [
        50.0, 
        50.0, 
        50.0
    ], 
    "terminated": [
        0.0, 
        0.0, 
        0.0
    ]
}